<?xml version="1.0" encoding="UTF-8" standalone="yes"?>
<addon id="repository.cabel" name="[COLOR lime]cabel[/COLOR]" version="1.1" provider-name="[COLOR lime]cabel[/COLOR]">
    <extension point="xbmc.addon.repository" name="Cabel REPOSITORY">
		<info compressed="false">https://raw.githubusercontent.com/cabelw1985/cabel/master/cabelrepo/neuesrepo/zip/addons.xml 	</info>
		<checksum>https://raw.githubusercontent.com/cabelw1985/cabel/master/cabelrepo/neuesrepo/zip/addons.xml.md5</checksum>
		<datadir zip="true">https://raw.github.com/cabelw1985/cabel/main/cabelrepo/neuesrepo/zip/</datadir>
    </extension>
    <extension point="xbmc.addon.metadata">
        <summary>[COLOR lime]cabel[/COLOR]</summary>
        <description>cabel
cabel</description>
        <platform>all</platform>
    </extension>
</addon>